{
  "uploads": [
    "/mnt/data/ARBITRAGEX-SUPREME-V3.6-InstallerPack.zip",
    "/mnt/data/show-my-github-gems-main.zip",
    "/mnt/data/ARBITRAGEXSUPREME-main (8).zip",
    "/mnt/data/ARBITRAGEX-CONTABO-BACKEND-main (1).zip"
  ],
  "guides": [
    "/mnt/data/Prompt Arbitrex.txt",
    "/mnt/data/chat-Script PowerShell Arbitrage Supreme.txt",
    "/mnt/data/84ccc823-599b-4a27-902b-bad8cf8b3634.txt",
    "/mnt/data/chat-Script PowerShell Arbitrage Supreme.txt"
  ],
  "moved": [
    [
      "/mnt/data/ARBITRAGEX_WORKSPACE_20250923-211837/show-my-github-gems-main/show-my-github-gems-main",
      "LOVABLE-DASHBOARD"
    ],
    [
      "/mnt/data/ARBITRAGEX_WORKSPACE_20250923-211837/ARBITRAGEXSUPREME-main (8)/ARBITRAGEXSUPREME-main",
      "_misc"
    ],
    [
      "/mnt/data/ARBITRAGEX_WORKSPACE_20250923-211837/ARBITRAGEX-CONTABO-BACKEND-main (1)/ARBITRAGEX-CONTABO-BACKEND-main",
      "CONTABO-BACKEND"
    ]
  ],
  "audit": [
    {
      "path": "CONTABO-BACKEND/rust-core/src",
      "present": true,
      "missing": [
        "execution",
        "rli",
        "wallet",
        "scheduler",
        "api",
        "blockchain_selector",
        "dex",
        "opportunity"
      ],
      "found": [
        "compliance",
        "funding"
      ]
    },
    {
      "path": "CONTABO-BACKEND/selector-api/src",
      "present": true,
      "missing": [
        "routes",
        "validators",
        "utils"
      ],
      "found": [
        "services"
      ]
    },
    {
      "path": "CLOUDFLARE-SUPREME/workers",
      "present": false,
      "missing": [],
      "found": []
    },
    {
      "path": "LOVABLE-DASHBOARD/src",
      "present": true,
      "missing": [
        "app",
        "providers"
      ],
      "found": [
        "components",
        "lib",
        "services"
      ]
    },
    {
      "path": "asset_safety/src",
      "present": false,
      "missing": [],
      "found": []
    }
  ]
}