{
  "projectRoot": "./",
  "backendDir": "./CONTABO-BACKEND",
  "dashboardDir": "./LOVABLE-DASHBOARD",
  "workersDir": "./CLOUDFLARE-SUPREME",
  "assetSafetyDir": "./asset_safety",
  "ports": {
    "api": 8080,
    "selector": 3000,
    "dashboard": 3100,
    "prometheus": 9090,
    "grafana": 3001
  },
  "docker": {
    "composeFile": "./CONTABO-BACKEND/docker-compose.yml"
  },
  "envFiles": {
    "backend": "./CONTABO-BACKEND/.env",
    "selector": "./CONTABO-BACKEND/selector-api/.env",
    "workers": "./CLOUDFLARE-SUPREME/.env",
    "dashboard": "./LOVABLE-DASHBOARD/.env"
  }
}